"obs_id","study_id","entity_id","tech_id","observation_type","year_observed","metric_name","metric_value","confidence","verification_method","methodology_code","source_page","notes"
"next-steps-soa-2006-0fdea1-obs-001","next-steps-soa-2006-0fdea1","","service-oriented-architecture","technical-claim","2006","SOA architectural scope","distributes and decouples processing from data center to network edge and anywhere in-between","high","ingest-extraction","analyst-judgment","1","Core thesis: SOA is not only about application integration within the data center but encompasses distribution to network edge."
"next-steps-soa-2006-0fdea1-obs-002","next-steps-soa-2006-0fdea1","","xml-content-routing","technical-claim","2006","Network traffic evolution","moving from data packets to XML-based content routing and Web Services request messaging","high","ingest-extraction","analyst-judgment","1","Network/software architecture lines blurring as traffic shifts to XML-based content routing."
"next-steps-soa-2006-0fdea1-obs-003","next-steps-soa-2006-0fdea1","","xml-aware-appliance","technical-claim","2006","SOA middleware delivery model","SOA middleware now delivered inside XML-aware appliances","high","ingest-extraction","analyst-judgment","1","Key architectural observation: hardware appliances as SOA middleware delivery vehicles; network infrastructure taking on new roles."
"next-steps-soa-2006-0fdea1-obs-004","next-steps-soa-2006-0fdea1","aberdeen-group","","adoption","2006","Aberdeen Global 5000 research reach","total reach in excess of 1 million value chain executives","high","ingest-extraction","primary-source","1","Aberdeen's online community of Global 5000 executives plus affiliate research channel partners; total reach >1M value chain executives."
"next-steps-soa-2006-0fdea1-obs-005","next-steps-soa-2006-0fdea1","","network-based-applications","strategic-recommendation","2006","Architectural readiness vs. business value balance","requires new balance between architectural readiness and business value realization","high","ingest-extraction","analyst-judgment","1","Kastner frames challenge for IT organizations adopting network-based SOA applications as balancing architectural readiness against business value."
"next-steps-soa-2006-0fdea1-obs-006","next-steps-soa-2006-0fdea1","","service-oriented-architecture","survey-finding","2006","Research series sequence","third in ongoing series of Aberdeen SOA reports","high","ingest-extraction","primary-source","1","Confirms Aberdeen's continued longitudinal SOA research commitment; prior studies establish baseline."
"next-steps-soa-2006-0fdea1-obs-007","next-steps-soa-2006-0fdea1","","soa-security","strategic-recommendation","2006","SOA security as research priority","SOA security in web services and XML processing identified as key finding area","high","ingest-extraction","analyst-judgment","1","Security explicitly listed as one of five key research finding areas for the network SOA study."
"next-steps-soa-2006-0fdea1-obs-008","next-steps-soa-2006-0fdea1","","network-based-applications","prediction","2006","Role of application vs. network architect","SOA on network requires new clarity of roles between application architect and network architect","medium","ingest-extraction","analyst-judgment","1","Study will investigate the changing relationship between application architects and network architects as SOA blurs boundaries."
"next-steps-soa-2006-0fdea1-obs-009","next-steps-soa-2006-0fdea1","","xml-aware-appliance","prediction","2006","Network infrastructure new roles","network infrastructure taking on new application-layer roles","high","ingest-extraction","analyst-judgment","1","Prescient: anticipates application delivery controllers, API gateways, CDN edge logic, and smart NICs."
"next-steps-soa-2006-0fdea1-obs-010","next-steps-soa-2006-0fdea1","","service-oriented-architecture","survey-finding","2006","Research methodology","broad-based survey of IT organizations plus one-on-one interviews","high","ingest-extraction","primary-source","1","Study design: quantitative survey plus qualitative one-on-one interviews with survey respondents."
